{"background_color":"#eae32f","description":"Javascript compiler","dir":"ltr","display":"standalone","name":"Jscompiler","orientation":"any","scope":"/jscom/","short_name":"jscom","start_url":"/","theme_color":"#eeeb0d","categories":[],"screenshots":[{"src":"/jscom/ss1.png","type":"image/png"},{"src":"/jscom/ss2.png","type":"image/png"},{"src":"/jscom/ss3.png","type":"image/png"}],"icons":[{"src":"/jscom/icon.png","type":"image/png","sizes":"512x512"},{"src":"/jscom/icon.png","sizes":"144x144","type":"image/png","purpose":"maskable any"}],"shortcuts":[]}